범죄별(1),범죄별(2),범죄별(3),2005,2005.1,2005.2,2005.3,2005.4,2005.5,2005.6,2006,2006.1,2006.2,2006.3,2006.4,2006.5,2006.6,2007,2007.1,2007.2,2007.3,2007.4,2007.5,2007.6,2008,2008.1,2008.2,2008.3,2008.4,2008.5,2008.6,2009,2009.1,2009.2,2009.3,2009.4,2009.5,2009.6,2010,2010.1,2010.2,2010.3,2010.4,2010.5,2010.6,2011,2011.1,2011.2,2011.3,2011.4,2011.5,2011.6,2012,2012.1,2012.2,2012.3,2012.4,2012.5,2012.6,2013,2013.1,2013.2,2013.3,2013.4,2013.5,2013.6
범죄별(1),범죄별(2),범죄별(3),발생건수 (건),발생비 (%),검거건수 (건),검거율 (%),검거인원 (명),남자검거인원 (명),여자검거인원 (명),발생건수 (건),발생비 (%),검거건수 (건),검거율 (%),검거인원 (명),남자검거인원 (명),여자검거인원 (명),발생건수 (건),발생비 (%),검거건수 (건),검거율 (%),검거인원 (명),남자검거인원 (명),여자검거인원 (명),발생건수 (건),발생비 (%),검거건수 (건),검거율 (%),검거인원 (명),남자검거인원 (명),여자검거인원 (명),발생건수 (건),발생비 (%),검거건수 (건),검거율 (%),검거인원 (명),남자검거인원 (명),여자검거인원 (명),발생건수 (건),발생비 (%),검거건수 (건),검거율 (%),검거인원 (명),남자검거인원 (명),여자검거인원 (명),발생건수 (건),발생비 (%),검거건수 (건),검거율 (%),검거인원 (명),남자검거인원 (명),여자검거인원 (명),발생건수 (건),발생비 (%),검거건수 (건),검거율 (%),검거인원 (명),남자검거인원 (명),여자검거인원 (명),발생건수 (건),발생비 (%),검거건수 (건),검거율 (%),검거인원 (명),남자검거인원 (명),여자검거인원 (명)
합계,소계,소계,1893896,3882.3,1624522,85.8,1897093,1697448,199645,1829211,3733.7,1569547,85.8,1813816,1623302,190514,1965977,3987.7,1720000,87.5,2099447,1829161,270286,2189452,4419.5,1914469,87.4,2322822,2022799,300023,2168185,4356,1933566,89.2,2393844,2058020,335824,1917300,3750,1620942,84.5,1769121,1658150,110971,1902720,3750,1496334,78.6,1583841,1527747,56094,1944906,3817,1496304,76.9,1983697,1628843,354854,2006682,3921,1543930,76.9,1996629,1646783,349846
형법범,소계,소계,825840,1692.9,634244,76.8,856072,741461,114611,828021,1690.1,640296,77.3,849482,739705,109777,845311,1714.6,667959,79,958804,806643,152161,897536,1811.7,709117,79,1014392,854071,160321,993136,1995,836099,84.2,1162426,984599,177827,939171,1837,710146,75.6,820074,761964,58110,997263,1966,678817,68.1,740372,711507,28865,1038609,2039,684832,65.9,1035335,843596,191739,1057855,2067,696449,65.8,1027127,841071,186056
,재산범죄,소계,442015,906.1,285864,64.7,339896,297882,42014,455948,930.7,296368,65,341934,302490,39444,469654,952.6,318040,67.7,396292,335396,60896,503302,1015.9,340116,67.6,433116,368542,64574,561972,1129,430542,76.6,541030,460120,80910,568623,1112,374560,65.9,412713,385224,27489,605360,1193,337551,55.8,370577,354646,15931,637686,1252,330809,51.9,467497,373015,94482,671224,1311,351361,52.3,489493,392618,96875
,,절도,191114,391.8,81146,42.5,106105,95908,10197,190745,389.3,81724,42.8,107897,97348,10549,212530,431.1,102816,48.4,141223,124117,17106,223264,450.7,113656,50.9,153695,135363,18332,256680,516,177595,69.2,230836,204953,25883,268007,524,145978,54.5,162615,152908,9707,281561,555,113155,40.2,128259,122537,5722,293074,575,107540,36.7,108199,87053,21146,290841,568,119696,41.2,106608,85259,21349
,,장물,3547,7.3,3490,98.4,4091,3857,234,2432,5,2468,101.5,3111,2900,211,3050,6.2,3000,98.4,3983,3453,530,2212,4.5,2175,98.3,2957,2687,270,3381,7,3343,98.9,4383,3847,536,3206,6,3175,99,3474,3262,212,2606,5,2560,98.2,3005,2899,106,3856,8,3699,95.9,5517,4919,598,6491,13,6248,96.3,7465,6804,661
,,사기,203697,417.6,167027,82,189627,162129,27498,203346,415.1,164496,80.9,178247,154327,23920,186115,377.5,158053,84.9,188134,152001,36133,205140,414.1,167437,81.6,201690,163920,37770,224889,452,189162,84.1,235304,189439,45865,205913,403,163770,79.5,178703,164180,14523,226359,446,169990,75.1,183807,175088,8719,241275,474,164769,68.3,279334,218419,60915,274086,536,169318,61.8,297713,235466,62247
,,횡령,25412,52.1,21677,85.3,24773,22347,2426,25084,51.2,21668,86.4,23690,21466,2224,24122,48.9,21556,89.4,25437,22199,3238,26750,54,23624,88.3,36863,32806,4057,27362,55,24367,89.1,28969,24740,4229,26312,51,22219,84.4,26423,24827,1596,27882,55,21044,75.5,22432,21683,749,33044,65,23119,70,35112,28561,6551,36214,71,24626,68,37886,30738,7148
,,배임,5901,12.1,5143,87.2,7243,6402,841,5402,11,4898,90.7,6491,5791,700,5256,10.7,4751,90.4,7299,6216,1083,5135,10.4,4693,91.4,7029,5933,1096,6709,13,6187,92.2,9129,7851,1278,14619,29,13962,95.5,15207,14745,462,5401,11,4842,89.7,6733,6541,192,5176,10,4360,84.2,8897,7271,1626,5296,10,4500,85,9734,7942,1792
,,손괴,12344,25.3,7381,59.8,8057,7239,818,28939,59.1,21114,73,22498,20658,1840,38581,78.3,27864,72.2,30216,27410,2806,40801,82.4,28531,69.9,30882,27833,3049,42951,86,29888,69.6,32409,29290,3119,50566,99,25456,50.3,26291,25302,989,61551,121,25960,42.2,26341,25898,443,61261,120,27322,44.6,30438,26792,3646,58296,114,26973,46.3,30087,26409,3678
,강력범죄(흉악),소계,19941,40.9,17059,85.5,20082,19272,810,21006,42.9,19065,90.8,22110,21257,853,20922,42.4,18708,89.4,22787,21723,1064,22987,46.4,20500,89.2,25706,24270,1436,25791,52,23808,92.3,29995,28471,1524,27482,54,24304,88.4,26342,25638,704,29248,58,24633,84.2,25881,25473,408,26915,53,22514,83.6,24863,23853,1010,31642,62,28039,88.6,27580,26622,958
,,살인,1091,2.2,1035,94.9,1145,1026,119,1064,2.2,1048,98.5,1141,1029,112,1124,2.3,1077,95.8,1209,1085,124,1120,2.3,1100,98.2,1241,1104,137,1390,3,1349,97.1,1592,1407,185,1262,2,1229,97.4,1276,1210,66,1221,2,1164,95.3,1206,1182,24,1029,2,990,96.2,1098,925,173,966,2,934,96.7,1028,887,141
,,강도,5266,10.8,4063,77.2,5940,5589,351,4684,9.6,4025,85.9,5840,5481,359,4470,9.1,3746,83.8,6064,5618,446,4827,9.7,4132,85.6,7487,6649,838,6379,13,5904,92.6,9934,9113,821,4395,9,3866,88,5082,4739,343,4021,8,3409,84.8,4206,3955,251,2643,5,2293,86.8,3503,3222,281,2013,4,1878,93.3,2718,2462,256
,,방화,1827,3.7,1596,87.4,1709,1551,158,1685,3.4,1491,88.5,1540,1422,118,1694,3.4,1524,90,1709,1536,173,1946,3.9,1691,86.9,1857,1689,168,1866,4,1653,88.6,1863,1690,173,1886,4,1557,82.6,1605,1523,82,1972,4,1469,74.5,1505,1472,33,1897,4,1339,70.6,1398,1228,170,1744,3,1388,79.6,1382,1207,175
,,강간,11757,24.1,10365,88.2,11288,11106,182,13573,27.7,12501,92.1,13589,13325,264,13634,27.7,12361,90.7,13805,13484,321,15094,30.5,13577,89.9,15121,14828,293,16156,32,14902,92.2,16606,16261,345,19939,39,17652,88.5,18379,18166,213,22034,43,18591,84.4,18964,18864,100,21346,42,17892,83.8,18864,18478,386,26919,53,23839,88.6,22452,22066,386
,강력범죄(폭력),소계,279674,573.3,256654,91.8,382842,330060,52782,251190,512.7,235784,93.9,349500,300078,49422,255459,518.2,241708,94.6,394004,330967,63037,261852,528.6,248454,94.9,400497,336100,64397,269734,542,258141,95.7,409047,345229,63818,239008,468,220197,92.1,268835,249429,19406,248247,489,221514,89.2,238674,231552,7122,251379,493,229214,91.2,374354,313511,60843,235871,461,215910,91.5,344376,290044,54332
,,폭행,19463,39.9,17956,92.3,22896,19470,3426,64235,131.1,60641,94.4,77680,68407,9273,97598,198,92486,94.8,127656,109528,18128,107947,217.9,102915,95.3,142902,122273,20629,115524,232,110756,95.9,153763,131542,22221,109580,214,101541,92.7,116027,108990,7037,123304,243,111179,90.2,116407,113654,2753,128110,251,117287,91.6,166535,141363,25172,126520,247,116005,91.7,165286,140008,25278
,,상해,31238,64,29806,95.4,38169,31726,6443,79542,162.4,77495,97.4,101425,87853,13572,93178,189,89750,96.3,124945,106065,18880,86924,175.5,83841,96.5,116663,98847,17816,82686,166,80253,97.1,110962,94322,16640,70785,138,66607,94.1,75946,70986,4960,67719,133,62394,92.1,65562,63779,1783,63242,124,59728,94.4,86920,73349,13571,56653,111,53622,94.6,76993,65235,11758
,,협박,2499,5.1,2260,90.4,2511,2208,303,2920,6,2657,91,2938,2600,338,3243,6.6,3003,92.6,3450,3001,449,3778,7.6,3506,92.8,4004,3530,474,4152,8,3896,93.8,4412,3889,523,3315,6,2999,90.5,3181,3004,177,3676,7,3209,87.3,3323,3237,86,4666,9,4052,86.8,4906,4179,727,4823,9,4120,85.4,4870,4161,709
,,공갈,1967,4,1394,70.9,1714,1502,212,2876,5.9,2088,72.6,2512,2209,303,3328,6.8,2413,72.5,3020,2624,396,4449,9,3321,74.6,3902,3500,402,6554,13,5513,84.1,6615,5963,652,5233,10,3901,74.5,4381,4123,258,5353,11,3334,62.3,3537,3447,90,6882,14,4959,72.1,5756,4884,872,4456,9,2972,66.7,3483,2983,500
,,약취와유인,149,0.3,145,97.3,203,157,46,171,0.3,163,95.3,192,155,37,170,0.3,162,95.3,217,176,41,263,0.5,206,78.3,266,226,40,485,1,473,97.5,588,514,74,225,0,182,80.9,192,181,11,272,1,226,83.1,238,235,3,212,0,183,86.3,287,222,65,194,0,158,81.4,285,193,92
,,체포와감금,378,0.8,344,91,485,415,70,615,1.3,574,93.3,726,615,111,739,1.5,668,90.4,900,738,162,836,1.7,765,91.5,1027,870,157,879,2,810,92.2,1076,926,150,764,1,702,91.9,808,745,63,856,2,735,85.9,798,753,45,923,2,802,86.9,1159,928,231,970,2,867,89.4,1129,936,193
,,폭력행위등（단체등의구성．활동）,370,0.8,343,92.7,736,670,66,170,0.3,161,94.7,396,379,17,201,0.4,207,103,815,815,-,428,0.9,421,98.4,1318,1280,38,438,1,432,98.6,1182,1138,44,1705,3,1381,81,1686,1652,34,3224,6,2430,75.4,2901,2804,97,2623,5,2161,82.4,3841,3483,358,1366,3,1241,90.8,2018,1856,162
,,폭력행위등처벌에관한법률위반,223610,458.4,204406,91.4,316128,273912,42216,100661,205.5,92005,91.4,163631,137860,25771,57002,115.6,53019,93,133001,108020,24981,57227,115.5,53479,93.5,130415,105574,24841,59016,119,56008,94.9,130449,106935,23514,47401,93,42884,90.5,66614,59748,6866,43843,86,38007,86.7,45908,43643,2265,44721,88,40042,89.5,104950,85103,19847,40889,80,36925,90.3,90312,74672,15640
,위조범죄,소계,24012,49.2,20067,83.6,25724,21223,4501,28751,58.7,22815,79.4,27448,23215,4233,25170,51.1,19679,78.2,27408,21282,6126,28022,56.6,22913,81.8,30651,22661,7990,27789,56,21765,78.3,28247,22061,6186,23792,47,16486,69.3,19011,16816,2195,25850,51,15269,59.1,17247,16011,1236,25895,51,14446,55.8,23811,17204,6607,21681,42,14068,64.9,24713,18068,6645
,,통화,1448,3,87,6,107,94,13,3047,6.2,106,3.5,117,115,2,3616,7.3,185,5.1,296,272,24,3646,7.4,182,5,245,214,31,4392,9,184,4.2,232,220,12,5440,11,162,3,175,169,6,7902,16,150,1.9,160,158,2,8321,16,269,3.2,183,163,20,3907,8,214,5.5,446,420,26
,,유가증권·인지·우표,2041,4.2,1517,74.3,1852,1729,123,2621,5.3,1652,63,1958,1833,125,1737,3.5,1197,68.9,1643,1523,120,1413,2.9,1019,72.1,1290,1173,117,1395,3,1065,76.3,1414,1229,185,936,2,647,69.1,723,690,33,886,2,538,60.7,620,594,26,562,1,402,71.5,754,665,89,499,1,344,68.9,657,567,90
,,문서,19847,40.7,17819,89.8,23061,18764,4297,22472,45.9,20490,91.2,24789,20743,4046,19210,39,17740,92.3,24834,18925,5909,22157,44.7,20959,94.6,28238,20484,7754,19695,40,18241,92.6,24227,18320,5907,16971,33,15278,90,17666,15569,2097,16653,33,14227,85.4,16095,14918,1177,16556,32,13389,80.9,22462,16042,6420,16900,33,13197,78.1,23158,16713,6445
,,인장,676,1.4,644,95.3,704,636,68,611,1.2,567,92.8,584,524,60,607,1.2,557,91.8,635,562,73,806,1.6,753,93.4,878,790,88,2307,5,2275,98.6,2374,2292,82,445,1,399,89.7,447,388,59,409,1,354,86.6,372,341,31,456,1,386,84.6,412,334,78,375,1,313,83.5,452,368,84
,공무원범죄,소계,1662,3.4,1457,87.7,2944,2796,148,1534,3.1,1337,87.2,2528,2400,128,1587,3.2,1403,88.4,3461,3299,162,1492,3,1320,88.5,2691,2539,152,1664,3,1462,87.9,3186,2999,187,2009,4,1751,87.2,3134,2956,178,2468,5,2025,82.1,2699,2623,76,2865,6,2151,75.1,3394,3084,310,2466,5,1638,66.4,3207,2947,260
,,직무유기,459,0.9,359,78.2,674,648,26,544,1.1,414,76.1,656,631,25,574,1.2,485,84.5,1317,1263,54,492,1,406,82.5,790,741,49,556,1,455,81.8,822,756,66,552,1,401,72.6,618,572,46,692,1,467,67.5,574,552,22,920,2,561,61,977,831,146,962,2,528,54.9,964,842,122
,,직권남용,447,0.9,340,76.1,711,686,25,411,0.8,352,85.6,622,607,15,472,1,406,86,1113,1073,40,406,0.8,352,86.7,658,637,21,416,1,335,80.5,618,594,24,382,1,282,73.8,456,448,8,545,1,387,71,476,460,16,713,1,448,62.8,650,605,45,764,1,439,57.5,774,721,53
,,수뢰,488,1,478,98,1037,965,72,367,0.7,368,100.3,891,828,63,368,0.7,351,95.4,742,702,40,405,0.8,391,96.5,963,904,59,464,1,444,95.7,1231,1158,73,798,2,790,99,1601,1500,101,848,2,813,95.9,1148,1122,26,859,2,799,93,1139,1064,75,549,1,499,90.9,1013,968,45
,,증뢰,268,0.5,280,104.5,522,497,25,212,0.4,203,95.8,359,334,25,173,0.4,161,93.1,289,261,28,189,0.4,171,90.5,280,257,23,228,0,228,100,515,491,24,277,1,278,100.4,459,436,23,383,1,358,93.5,501,489,12,373,1,343,92,628,584,44,191,0,172,90.1,456,416,40
,풍속범죄,소계,12173,25,11512,94.6,31593,24791,6802,19299,39.4,18683,96.8,48934,41105,7829,14168,28.7,13762,97.1,41557,32810,8747,14796,29.9,14270,96.4,41760,33410,8350,35175,71,33097,94.1,62993,52541,10452,15963,31,15275,95.7,24989,22121,2868,15193,30,14377,94.6,17765,16502,1263,11523,23,10851,94.2,38014,29928,8086,10030,20,9348,93.2,32900,26393,6507
,,간통,3686,7.6,3315,89.9,4595,3113,1482,3324,6.8,3029,91.1,4052,2765,1287,3081,6.2,2823,91.6,4810,2648,2162,2298,4.6,2116,92.1,3721,1992,1729,2304,5,2123,92.1,3726,1989,1737,1698,3,1538,90.6,1987,1509,478,1698,3,1488,87.6,1699,1480,219,1827,4,1600,87.6,3607,1799,1808,1564,3,1367,87.4,3217,1582,1635
,,혼인빙자간음,755,1.5,627,83,637,631,6,762,1.6,631,82.8,609,605,4,613,1.2,532,86.8,554,540,14,524,1.1,419,80,434,426,8,452,1,393,86.9,408,399,9,23,0,19,82.6,19,19,-,8,0,5,62.5,5,5,-,12,0,13,108.3,11,10,1,3,0,4,133.3,8,8,-
,,도박과복표,7276,14.9,7137,98.1,25723,20481,5242,14691,30,14535,98.9,43631,37140,6491,9773,19.8,9743,99.7,35334,28835,6499,11177,22.6,11004,98.5,36735,30175,6560,31600,63,29829,94.4,57942,49302,8640,13275,26,12869,96.9,22073,19717,2356,12370,24,11925,96.4,15081,14048,1033,7956,16,7791,97.9,32694,26559,6135,6637,13,6526,98.3,27996,23238,4758
,,신앙,245,0.5,227,92.7,420,351,69,255,0.5,230,90.2,382,337,45,302,0.6,272,90.1,453,391,62,214,0.4,184,86,296,259,37,243,0,202,83.1,351,295,56,234,0,190,81.2,247,219,28,233,0,193,82.8,208,200,8,259,1,213,82.2,440,344,96,273,1,226,82.8,450,356,94
,,기타음란행위,211,0.4,206,97.6,218,215,3,267,0.5,258,96.6,260,258,2,399,0.8,392,98.2,406,396,10,583,1.2,547,93.8,574,558,16,576,1,550,95.5,566,556,10,733,1,659,89.9,663,657,6,884,2,766,86.7,772,769,3,1469,3,1234,84,1262,1216,46,1553,3,1225,78.9,1229,1209,20
,과실범죄,소계,6253,12.8,4700,75.2,5478,4962,516,6112,12.5,4862,79.5,5507,4937,570,5775,11.7,4768,82.6,5861,5219,642,5752,11.6,4861,84.5,5855,5122,733,5900,12,5132,87,6300,5482,818,6289,12,5089,80.9,5554,5236,318,7131,14,5421,76,5709,5516,193,7229,14,5907,81.7,7868,6576,1292,7114,14,5937,83.5,7935,6567,1368
,,과실치사상,1070,2.2,993,92.8,1055,911,144,1114,2.3,1060,95.2,1115,944,171,1135,2.3,1075,94.7,1174,989,185,1221,2.5,1147,93.9,1246,1006,240,1296,3,1230,94.9,1331,1061,270,1409,3,1277,90.6,1317,1210,107,1553,3,1363,87.8,1397,1337,60,1713,3,1532,89.4,1801,1344,457,1672,3,1463,87.5,1704,1261,443
,,업무상과실치사상,2683,5.5,2564,95.6,3200,3013,187,2835,5.8,2757,97.2,3325,3085,240,2732,5.5,2646,96.9,3522,3260,262,2629,5.3,2587,98.4,3375,3099,276,2715,5,2656,97.8,3623,3288,335,2808,5,2733,97.3,3113,2975,138,2882,6,2720,94.4,2953,2865,88,3079,6,3000,97.4,4537,3998,539,3176,6,3076,96.9,4662,4067,595
,,실화,2500,5.1,1143,45.7,1223,1038,185,2163,4.4,1045,48.3,1067,908,159,1908,3.9,1047,54.9,1165,970,195,1902,3.8,1127,59.3,1234,1017,217,1889,4,1246,66,1346,1133,213,2072,4,1079,52.1,1124,1051,73,2696,5,1338,49.6,1359,1314,45,2437,5,1375,56.4,1530,1234,296,2266,4,1398,61.7,1569,1239,330
,기타형법범죄,소계,40110,82.2,36931,92.1,47513,40475,7038,44181,90.2,41382,93.7,51521,44223,7298,52576,106.6,49891,94.9,67434,55947,11487,59333,119.8,56683,95.5,74116,61427,12689,65111,131,62152,95.5,81628,67696,13932,56005,110,52484,93.7,59496,54544,4952,63766,126,58027,91,61820,59184,2636,75117,147,68940,91.8,95534,76425,19109,77827,152,70148,90.1,96923,77812,19111
,,명예,7940,16.3,7058,88.9,8941,6968,1973,8032,16.4,7292,90.8,8879,7023,1856,8795,17.8,8086,91.9,11146,8105,3041,11091,22.4,10297,92.8,13605,9957,3648,12954,26,12093,93.4,15055,11463,3592,12372,24,11454,92.6,12794,11392,1402,15351,30,13896,90.5,14625,13971,654,19129,38,17281,90.3,23894,17900,5994,20717,40,18221,88,25338,19108,6230
,,권리행사방해,3363,6.9,2895,86.1,3703,3071,632,3676,7.5,3179,86.5,3779,3156,623,3450,7,3060,88.7,4146,3244,902,3163,6.4,2846,90,3877,2988,889,3579,7,3148,88,4280,3319,961,3180,6,2712,85.3,3162,2788,374,3170,6,2690,84.9,2968,2783,185,3343,7,2822,84.4,5554,3991,1563,4404,9,3528,80.1,6899,5073,1826
,,신용업무경매,7677,15.7,7278,94.8,11471,10029,1442,9445,19.3,9111,96.5,13368,11481,1887,12545,25.4,12206,97.3,19314,16152,3162,14447,29.2,14094,97.6,20851,17772,3079,16313,32,15918,97.6,23500,20230,3270,13611,27,13241,97.3,15901,14796,1105,15325,30,14621,95.4,15877,15431,446,19566,38,18891,96.6,27389,22941,4448,18970,37,18286,96.4,26580,22435,4145
,,주거침입,2178,4.5,1966,90.3,2356,1935,421,3996,8.2,3661,91.6,4110,3554,556,4863,9.9,4567,93.9,5421,4535,886,5634,11.4,5232,92.9,5996,5063,933,5829,12,5415,92.9,6595,5579,1016,5563,11,4879,87.7,5235,4888,347,6467,13,5323,82.3,5538,5363,175,7774,15,6252,80.4,7370,6048,1322,8405,16,6510,77.5,8063,6532,1531
,,비밀침해,29,0.1,24,82.8,28,19,9,35,0.1,31,88.6,40,35,5,23,0,19,82.6,26,21,5,32,0.1,30,93.8,33,23,10,42,0,35,83.3,37,30,7,37,0,28,75.7,32,31,1,54,0,43,79.6,43,43,-,45,0,36,80,55,43,12,45,0,35,77.8,47,31,16
,,유기,208,0.4,108,51.9,131,64,67,153,0.3,82,53.6,97,51,46,161,0.3,104,64.6,126,56,70,152,0.3,104,68.4,126,61,65,117,0,88,75.2,118,56,62,132,0,82,62.1,101,77,24,202,0,114,56.4,120,100,20,230,0,128,55.7,171,68,103,301,1,127,42.2,186,52,134
,,낙태,25,0.1,23,92,33,21,12,26,0.1,23,88.5,36,25,11,18,0,16,88.9,27,13,14,30,0.1,30,100,65,29,36,28,0,26,92.9,38,17,21,53,0,49,92.5,62,43,19,35,0,34,97.1,42,36,6,38,0,39,102.6,77,33,44,33,0,30,90.9,65,22,43
,,아편,-,-,-,-,-,-,-,-,-,-,-,-,-,-,-,0,-,-,-,-,-,-,-,-,-,-,-,-,1,0,1,100,1,1,-,-,-,-,-,-,-,-,-,-,-,-,-,-,-,-,-,-,-,-,-,-,-,-,-,-,-,-,-
,,교통방해,861,1.8,841,97.7,1020,961,59,848,1.7,848,100,1141,1097,44,987,2,977,99,1342,1237,105,1140,2.3,1104,96.8,1448,1313,135,1370,3,1342,98,2171,1997,174,1096,2,1058,96.5,1187,1138,49,1325,3,1250,94.3,1334,1303,31,1560,3,1453,93.1,2002,1719,283,1596,3,1565,98.1,2102,1759,343
,,공무방해,10411,21.3,10029,96.3,11752,10940,812,11082,22.6,10876,98.1,12839,11918,921,14809,30,14606,98.6,18135,16677,1458,16632,33.6,16455,98.9,19909,17982,1927,17378,35,17294,99.5,21195,18486,2709,13508,26,13311,98.5,14639,13920,719,13436,26,12972,96.5,13296,13077,219,14505,28,14275,98.4,17386,15277,2109,14284,28,13992,98,16653,14799,1854
,,도주와범인은닉,306,0.6,298,97.4,367,313,54,376,0.8,361,96,512,456,56,498,1,487,97.8,666,580,86,596,1.2,575,96.5,879,789,90,687,1,681,99.1,998,889,109,328,1,311,94.8,393,359,34,609,1,514,84.4,808,725,83,676,1,616,91.1,1261,1016,245,463,1,430,92.9,1113,872,241
,,위증과증거인멸,3071,6.3,2730,88.9,3224,2646,578,2850,5.8,2600,91.2,2927,2467,460,3065,6.2,2761,90.1,3394,2630,764,2968,6,2758,92.9,3449,2644,805,3181,6,2835,89.1,3517,2720,797,2740,5,2412,88,2720,2383,337,3343,7,2826,84.5,3198,2898,300,3506,7,3059,87.3,4564,3416,1148,4163,8,3747,90,4255,3232,1023
,,무고,3966,8.1,3614,91.1,4408,3435,973,3582,7.3,3246,90.6,3690,2864,826,3274,6.6,2926,89.4,3590,2603,987,3377,6.8,3093,91.6,3793,2729,1064,3580,7,3223,90,4042,2841,1201,3332,7,2902,87.1,3225,2684,541,4374,9,3686,84.3,3910,3393,517,4682,9,4033,86.1,5742,3909,1833,4372,9,3628,83,5551,3837,1714
,,공안을해하는죄,30,0.1,30,100,38,36,2,39,0.1,38,97.4,66,62,4,39,0.1,36,92.3,53,51,2,32,0.1,28,87.5,38,35,3,29,0,30,103.4,49,44,5,20,0,18,90,18,18,-,34,0,29,85.3,32,32,-,29,0,31,106.9,32,30,2,29,0,24,82.8,40,36,4
,,내란의죄,-,-,-,-,-,-,-,-,-,-,-,-,-,-,-,0,-,-,-,-,-,-,-,-,-,-,-,-,-,-,-,-,-,-,-,-,-,-,-,-,-,-,1,0,-,-,-,-,-,2,0,-,-,3,3,-,13,0,3,23.1,7,6,1
,,음용수에관한죄,25,0.1,21,84,24,22,2,24,0,22,91.7,22,20,2,32,0.1,26,81.3,30,28,2,23,0,21,91.3,25,21,4,20,0,20,100,28,21,7,19,0,17,89.5,17,17,-,20,0,13,65,13,13,-,20,0,13,65,18,17,1,17,0,12,70.6,14,10,4
,,일수와수리에관한죄,18,-,14,77.8,15,13,2,16,0,11,68.8,12,11,1,16,0,14,87.5,18,15,3,11,0,11,100,13,12,1,3,0,3,100,4,3,1,9,0,8,88.9,8,8,-,6,0,6,100,6,6,-,6,0,5,83.3,8,6,2,8,0,7,87.5,6,4,2
,,기타,2,-,2,100,2,2,-,1,0,1,100,3,3,-,1,0,-,-,-,-,-,5,0,5,100,9,9,-,-,-,-,-,-,-,-,5,0,2,40,2,2,-,14,0,10,71.4,10,10,-,6,0,6,100,8,8,-,7,0,3,42.9,4,4,-
특별법범,소계,소계,1068056,2189.4,990278,92.7,1041021,955987,85034,1001190,2043.6,929251,92.8,964334,883597,80737,1120666,2273.1,1052041,93.9,1140643,1022518,118125,1291916,2607.8,1205352,93.3,1308430,1168728,139702,1175049,2361,1097467,93.4,1231418,1073421,157997,978129,1913,910796,93.1,949047,896186,52861,905457,1785,817517,90.3,843469,816240,27229,906297,1779,811472,89.5,948362,785247,163115,948827,1854,847481,89.3,969502,805712,163790
,가정폭력범죄의처벌등에관한특례법,소계,114,0.2,105,92.1,117,105,12,78,0.2,68,87.2,71,65,6,65,0.1,60,92.3,63,58,5,88,0.2,85,96.6,97,85,12,104,0,102,98.1,115,103,12,115,0,112,97.4,119,113,6,299,1,290,97,300,284,16,336,1,325,96.7,274,229,45,341,1,333,97.7,279,236,43
,개발제한구역의지정및관리에관한특별조치법,소계,2742,5.6,2617,95.4,3361,2946,415,2511,5.1,2492,99.2,3014,2639,375,2220,4.5,2182,98.3,2978,2448,530,2584,5.2,2372,91.8,3360,2769,591,2039,4,1980,97.1,2811,2325,486,1764,3,1675,95,1968,1800,168,1240,2,1274,102.7,1266,1198,68,1080,2,1073,99.4,1587,1210,377,905,2,893,98.7,1364,1049,315
,개항질서법,소계,1366,2.8,1348,98.7,1433,1413,20,1586,3.2,1602,101,1644,1628,16,659,1.3,662,100.5,729,708,21,929,1.9,946,101.8,1026,1003,23,540,1,540,100,615,596,19,1407,3,1408,100.1,1461,1446,15,414,1,406,98.1,422,422,-,405,1,405,100,559,528,31,540,1,538,99.6,378,356,22
,건설기계관리법,소계,1248,2.6,1197,95.9,1217,1207,10,1238,2.5,1214,98.1,1211,1202,9,1203,2.4,1169,97.2,1232,1212,20,1446,2.9,1431,99,1470,1454,16,913,2,894,97.9,935,919,16,675,1,660,97.8,670,664,6,600,1,574,95.7,587,583,4,4025,8,3954,98.2,546,524,22,510,1,486,95.3,552,527,25
,건설산업기본법,소계,456,0.9,423,92.8,576,559,17,291,0.6,243,83.5,388,358,30,227,0.5,209,92.1,430,410,20,240,0.5,231,96.3,399,385,14,293,1,271,92.5,545,513,32,555,1,518,93.3,622,605,17,926,2,916,98.9,1685,1668,17,500,1,446,89.2,993,913,80,421,1,377,89.5,1104,1000,104
,건축법,소계,5445,11.2,5228,96,5793,4838,955,5050,10.3,4900,97,5111,4306,805,4592,9.3,4509,98.2,5141,3915,1226,5096,10.3,4951,97.2,5658,4235,1423,5099,10,4962,97.3,5715,4098,1617,4353,9,4267,98,4569,4079,490,4970,10,4918,99,5019,4758,261,5198,10,5094,98,6338,4485,1853,2929,6,2889,98.6,3870,2752,1118
,고용보험법,소계,26,0.1,26,100,31,27,4,103,0.2,103,100,100,89,11,711,1.4,652,91.7,892,665,227,1023,2.1,921,90,1153,891,262,778,2,759,97.6,942,585,357,256,1,246,96.1,269,246,23,383,1,549,143.3,395,339,56,776,2,700,90.2,1252,767,485,588,1,585,99.5,1068,594,474
,골재채취법,소계,781,1.6,787,100.8,973,970,3,92,0.2,88,95.7,115,110,5,181,0.4,179,98.9,217,212,5,109,0.2,107,98.2,137,135,2,83,0,79,95.2,97,89,8,86,0,83,96.5,91,90,1,92,0,89,96.7,92,92,-,61,0,63,103.3,85,73,12,53,0,50,94.3,84,79,5
,공업배치및공장설립에관한법률,소계,-,-,-,-,-,-,-,1,0,1,100,1,1,-,-,0,-,-,-,-,-,-,-,1,-,1,1,-,-,-,-,-,-,-,-,-,-,-,-,-,-,-,-,-,-,-,-,-,-,-,-,-,-,-,-,-,-,-,-,-,-,-,-
,공유수면관리법,소계,926,1.9,918,99.1,934,886,48,344,0.7,344,100,352,319,33,1291,2.6,1284,99.5,1330,1271,59,459,0.9,460,100.2,489,417,72,1279,3,1280,100.1,1306,1204,102,1417,3,1401,98.9,1412,1398,14,24,0,24,100,29,29,-,6,0,6,100,8,6,2,4,0,4,100,2,1,1
,공중위생관리법,소계,314,0.6,302,96.2,314,227,87,458,0.9,452,98.7,491,336,155,508,1,499,98.2,567,374,193,540,1.1,539,99.8,625,374,251,485,1,477,98.4,560,290,270,759,1,742,97.8,767,510,257,898,2,860,95.8,863,654,209,1923,4,1911,99.4,1126,442,684,917,2,906,98.8,1039,382,657
,공직선거법,소계,221,0.5,196,88.7,327,260,67,3076,6.3,2966,96.4,4587,3723,864,745,1.5,724,97.2,930,795,135,1786,3.6,1671,93.6,3710,2759,951,208,0,194,93.3,307,256,51,2351,5,2156,91.7,2587,2400,187,271,1,201,74.2,239,223,16,1628,3,1430,87.8,2368,1862,506,512,1,358,69.9,526,413,113
,관세법,소계,1114,2.3,1142,102.5,1420,1293,127,1310,2.7,1325,101.1,1530,1374,156,926,1.9,943,101.8,1118,1017,101,1127,2.3,1140,101.2,1341,1235,106,700,1,706,100.9,842,756,86,661,1,661,100,908,804,104,833,2,794,95.3,1041,927,114,667,1,664,99.6,969,885,84,651,1,634,97.4,1000,891,109
,교통사고처리특례법,소계,195060,399.9,188124,96.4,190272,183679,6593,191119,390.1,187860,98.3,174018,168617,5401,192493,390.4,188165,97.8,191595,176559,15036,187027,377.5,181913,97.3,185801,166342,19459,199816,401,194009,97.1,198453,174938,23515,198375,388,192617,97.1,194268,185441,8827,189608,374,183780,96.9,184672,180673,3999,193484,380,187031,96.7,194677,158805,35872,185770,363,179807,96.8,187710,152510,35200
,국가기술자격법,소계,299,0.6,294,98.3,413,366,47,324,0.7,309,95.4,358,310,48,226,0.5,217,96,437,393,44,78,0.2,76,97.4,167,150,17,109,0,105,96.3,172,147,25,225,0,214,95.1,351,318,33,184,0,184,100,595,585,10,78,0,75,96.2,263,223,40,328,1,327,99.7,427,343,84
,국가보안법,소계,58,0.1,53,91.4,64,61,3,39,0.1,36,92.3,49,47,2,60,0.1,52,86.7,56,47,9,46,0.1,43,93.5,44,39,5,52,0,53,101.9,53,47,6,95,0,89,93.7,97,89,8,107,0,99,92.5,108,105,3,107,0,101,94.4,107,94,13,131,0,116,88.5,136,109,27
,국민연금법,소계,79,0.2,72,91.1,76,70,6,82,0.2,76,92.7,79,72,7,32,0.1,30,93.8,31,27,4,59,0.1,60,101.7,63,53,10,24,0,20,83.3,21,19,2,38,0,36,94.7,37,31,6,29,0,24,82.8,24,24,-,23,0,22,95.7,32,27,5,55,0,50,90.9,64,56,8
,근로기준법,소계,42751,87.6,38090,89.1,38839,36222,2617,43818,89.4,37019,84.5,36942,34281,2661,36810,74.7,33226,90.3,33245,31086,2159,35297,71.2,31556,89.4,32563,30399,2164,43669,88,38735,88.7,39014,36246,2768,40619,79,34296,84.4,35296,32940,2356,58366,115,39677,68,41115,38583,2532,47275,93,41279,87.3,48606,43652,4954,43005,84,37651,87.6,43448,39047,4401
,낚시어선업법,소계,383,0.8,379,99,381,377,4,272,0.6,274,100.7,277,277,-,332,0.7,330,99.4,335,334,1,959,1.9,961,100.2,964,959,5,237,0,237,100,244,239,5,218,0,219,100.5,220,220,-,569,1,570,100.2,966,965,1,277,1,277,100,147,144,3,2,0,2,100,3,3,-
,내수면어업법,소계,227,0.5,225,99.1,269,264,5,189,0.4,188,99.5,223,220,3,197,0.4,195,99,242,235,7,239,0.5,238,99.6,325,316,9,252,1,241,95.6,327,318,9,117,0,115,98.3,126,124,2,181,0,178,98.3,186,185,1,135,0,130,96.3,209,204,5,100,0,102,102,142,139,3
,노동조합및노동관계조정법,소계,633,1.3,582,91.9,1077,1029,48,434,0.9,380,87.6,587,539,48,373,0.8,344,92.2,436,428,8,308,0.6,284,92.2,404,381,23,315,1,280,88.9,432,404,28,345,1,306,88.7,509,492,17,655,1,491,75,831,793,38,564,1,566,100.4,983,932,51,393,1,364,92.6,698,629,69
,농산물품질관리법,소계,1931,4,1935,100.2,2103,1691,412,1646,3.4,1660,100.9,1648,1304,344,1473,3,1449,98.4,1498,1160,338,1777,3.6,1790,100.7,1836,1410,426,2590,5,2580,99.6,2625,1810,815,2219,4,2224,100.2,2227,1526,701,88,0,87,98.9,92,62,30,19,0,16,84.2,17,15,2,26,0,28,107.7,33,30,3
,농수산물유통및가격안정에관한법률,소계,91,0.2,90,98.9,104,100,4,57,0.1,55,96.5,58,48,10,72,0.1,72,100,75,59,16,60,0.1,57,95,340,283,57,87,0,85,97.7,86,70,16,59,0,59,100,64,55,9,74,0,71,95.9,71,69,2,50,0,49,98,54,40,14,81,0,80,98.8,126,103,23
,농업협동조합법,소계,156,0.3,142,91,345,302,43,174,0.4,161,92.5,314,299,15,62,0.1,60,96.8,208,157,51,74,0.1,67,90.5,160,142,18,241,0,232,96.3,607,551,56,238,0,230,96.6,646,541,105,53,0,47,88.7,108,80,28,76,0,70,92.1,166,131,35,59,0,55,93.2,155,141,14
,농지법,소계,1365,2.8,1329,97.4,1607,1404,203,1589,3.2,1541,97,1754,1482,272,1239,2.5,1172,94.6,1632,1303,329,1074,2.2,1008,93.9,1313,1083,230,750,2,728,97.1,924,780,144,674,1,661,98.1,765,708,57,675,1,669,99.1,700,664,36,887,2,830,93.6,1192,1006,186,693,1,661,95.4,1110,905,205
,담배사업법,소계,458,0.9,446,97.4,471,356,115,947,1.9,963,101.7,1027,780,247,685,1.4,678,99,728,498,230,385,0.8,383,99.5,430,271,159,442,1,438,99.1,508,303,205,220,0,215,97.7,224,193,31,143,0,143,100,165,143,22,159,0,154,96.9,156,94,62,98,0,99,101,134,85,49
,대기환경보전법,소계,3418,7,3350,98,3502,3417,85,2387,4.9,2312,96.9,2354,2262,92,1921,3.9,1884,98.1,2028,1936,92,3375,6.8,3335,98.8,3774,3690,84,2144,4,2130,99.3,2186,2096,90,1325,3,1311,98.9,1325,1283,42,1718,3,1625,94.6,1714,1671,43,1843,4,1823,98.9,2300,2182,118,1971,4,1939,98.4,2532,2405,127
,대부업등의등록및금융이용자보호에관한법률,소계,-,-,-,-,-,-,-,-,-,-,-,-,-,-,-,-,-,-,-,-,-,-,-,-,-,-,-,-,2492,5,2428,97.4,3793,3495,298,2088,4,1958,93.8,2208,2084,124,3977,8,3471,87.3,3681,3614,67,6271,12,5763,91.9,8792,7268,1524,2434,5,2220,91.2,3584,2964,620
,대외무역법,소계,372,0.8,356,95.7,394,364,30,463,0.9,773,167,798,763,35,330,0.7,325,98.5,338,300,38,637,1.3,632,99.2,679,666,13,425,1,420,98.8,474,451,23,218,0,214,98.2,225,218,7,399,1,391,98,434,411,23,290,1,284,97.9,361,331,30,262,1,261,99.6,290,261,29
,도로교통법,소계,74121,151.9,64144,86.5,64940,63027,1913,59726,121.9,50252,84.1,46414,45667,747,58966,119.6,50817,86.2,51890,49508,2382,51492,103.9,42985,83.5,44188,41326,2862,40361,81,29665,73.5,30865,28651,2214,43989,86,31066,70.6,31488,30608,880,52547,104,33236,63.3,33406,32962,444,81411,160,46764,57.4,50392,42901,7491,93084,182,51880,55.7,55420,46517,8903
,도로교통법（무면허운전）,소계,76550,156.9,74340,97.1,76309,70246,6063,56375,115.1,55364,98.2,57116,52940,4176,89920,182.4,87904,97.8,90347,84127,6220,156526,316,154031,98.4,155356,147821,7535,98234,197,96439,98.2,97670,92304,5366,58751,115,58037,98.8,58415,57207,1208,47466,94,47094,99.2,47216,46946,270,30137,59,29845,99,32785,30483,2302,35891,70,35155,97.9,38188,35311,2877
,도로교통법（음주운전）,소계,330575,677.7,320011,96.8,321292,294194,27098,280809,573.2,276727,98.5,278079,252931,25148,351451,712.9,345446,98.3,347085,318499,28586,387455,782.1,381820,98.5,382955,357685,25270,290260,583,285578,98.4,286732,266735,19997,267316,523,265442,99.3,265890,259377,6513,219265,432,218800,99.8,218907,217141,1766,211673,415,210845,99.6,213504,192446,21058,235813,461,234962,99.6,237797,213900,23897
,도로교통법（음주측정거부）,소계,4117,8.4,4033,98,4085,3844,241,3361,6.9,3418,101.7,3454,3220,234,3822,7.8,3797,99.3,3856,3625,231,3884,7.8,3867,99.6,3905,3723,182,3054,6,3035,99.4,3060,2905,155,2938,6,2923,99.5,2937,2891,46,2732,5,2713,99.3,2714,2695,19,2379,5,2365,99.4,2381,2230,151,2550,5,2540,99.6,2589,2426,163
,도로법,소계,43825,89.8,42775,97.6,45566,44720,846,43697,89.2,43072,98.6,44342,43350,992,46965,95.3,47236,100.6,51176,49601,1575,50123,101.2,49277,98.3,53965,52231,1734,51984,104,51382,98.8,55823,54175,1648,42634,83,42567,99.8,44634,43992,642,3449,7,3584,103.9,3854,3762,92,1818,4,2053,112.9,6483,6313,170,1305,3,1325,101.5,3563,3425,138
,도시계획법,소계,-,-,1,-,1,1,-,-,-,-,-,-,-,-,-,0,-,-,-,-,-,-,-,-,-,-,-,-,-,-,-,-,-,-,-,-,-,-,-,-,-,-,-,-,-,-,-,-,-,1,0,1,100,2,1,1,-,-,-,-,-,-,-
,도시공원법,소계,226,0.5,216,95.6,239,207,32,19,0,18,94.7,15,11,4,-,0,-,-,-,-,-,-,-,-,-,-,-,-,-,-,-,-,-,-,-,-,-,-,-,-,-,-,-,-,-,-,-,-,-,-,-,-,-,-,-,-,-,-,-,-,-,-,-
,독점규제및공정거래에관한법률,소계,14,-,13,92.9,40,37,3,9,0,5,55.6,10,9,1,8,0,5,62.5,10,10,-,5,0,5,100,5,4,1,4,0,4,100,11,11,-,6,0,5,83.3,6,6,-,26,0,29,111.5,27,27,-,20,0,19,95,15,15,-,12,0,6,50,12,10,2
,디자인보호법,소계,237,0.5,207,87.3,264,231,33,274,0.6,245,89.4,279,251,28,302,0.6,263,87.1,356,304,52,362,0.7,316,87.3,374,315,59,317,1,277,87.4,342,271,71,195,0,165,84.6,174,156,18,240,0,199,82.9,216,204,12,342,1,283,82.7,504,395,109,286,1,204,71.3,374,270,104
,마약류관리에관한법률（대마）,소계,772,1.6,761,98.6,897,840,57,647,1.3,636,98.3,760,684,76,712,1.4,682,95.8,816,733,83,608,1.2,601,98.8,694,635,59,1094,2,1061,97,1238,1072,166,945,2,927,98.1,1018,992,26,714,1,661,92.6,709,697,12,740,1,709,95.8,865,776,89,675,1,638,94.5,844,746,98
,마약류관리에관한법률（마약）,소계,581,1.2,555,95.5,583,369,214,677,1.4,682,100.7,690,386,304,781,1.6,762,97.6,785,390,395,1201,2.4,1195,99.5,1236,539,697,1946,4,1940,99.7,1976,893,1083,695,1,691,99.4,734,680,54,666,1,661,99.2,671,603,68,502,1,498,99.2,534,241,293,558,1,548,98.2,593,268,325
,마약류관리에관한법률（향정）,소계,3370,6.9,3244,96.3,3952,3549,403,3726,7.6,3597,96.5,4501,3996,505,5300,10.8,5117,96.5,6274,5606,668,3857,7.8,3696,95.8,4514,3972,542,3835,8,3721,97,5022,4103,919,3134,6,2973,94.9,3217,3019,198,4144,8,3689,89,3864,3741,123,4654,9,4374,94,5598,4892,706,4397,9,4149,94.4,5192,4527,665
,마약류불법거래방지에관한특례법,소계,11,-,10,90.9,17,17,-,9,0,7,77.8,10,10,-,7,0,7,100,8,8,-,4,0,4,100,4,3,1,12,0,11,91.7,66,66,-,5,0,5,100,6,6,-,7,0,4,57.1,4,4,-,4,0,4,100,7,6,1,6,0,4,66.7,12,12,-
,민사소송법,소계,37,0.1,46,124.3,49,40,9,34,0.1,31,91.2,32,27,5,10,0,11,110,11,7,4,13,0,14,107.7,20,16,4,14,0,12,85.7,12,8,4,8,0,9,112.5,9,8,1,4,0,4,100,4,4,-,8,0,7,87.5,7,6,1,2,0,1,50,2,2,-
,밀항단속법,소계,168,0.3,161,95.8,180,102,78,252,0.5,254,100.8,257,141,116,272,0.6,273,100.4,324,203,121,207,0.4,207,100,265,168,97,169,0,167,98.8,180,116,64,96,0,96,100,109,81,28,137,0,130,94.9,130,121,9,84,0,83,98.8,101,59,42,52,0,53,101.9,65,44,21
,방문판매등에관한법률,소계,274,0.6,256,93.4,592,460,132,209,0.4,213,101.9,473,379,94,199,0.4,190,95.5,576,434,142,239,0.5,227,95,698,407,291,851,2,828,97.3,2446,1423,1023,297,1,266,89.6,617,444,173,247,0,233,94.3,365,335,30,181,0,156,86.2,558,395,163,148,0,132,89.2,616,384,232
,배타적경제수역의외국인어업등에관한법률,소계,585,1.2,583,99.7,583,583,-,381,0.8,381,100,378,378,-,392,0.8,391,99.7,391,391,-,371,0.7,372,100.3,371,371,-,267,1,266,99.6,262,260,2,265,1,264,99.6,255,255,-,419,1,420,100.2,291,291,-,392,1,388,99,601,595,6,377,1,377,100,482,480,2
,범죄수익은닉의규제및처벌등에관한법률,소계,14,-,16,114.3,31,26,5,26,0.1,20,76.9,26,21,5,22,0,22,100,30,26,4,28,0.1,24,85.7,40,38,2,13,0,12,92.3,18,13,5,35,0,33,94.3,56,47,9,118,0,101,85.6,170,156,14,125,0,115,92,164,132,32,118,0,104,88.1,163,131,32
,변호사법,소계,740,1.5,633,85.5,777,727,50,623,1.3,541,86.8,626,594,32,586,1.2,556,94.9,738,693,45,556,1.1,469,84.4,609,551,58,624,1,524,84,677,634,43,540,1,472,87.4,515,497,18,645,1,585,90.7,588,570,18,723,1,630,87.1,865,807,58,630,1,503,79.8,800,738,62
,병역법,소계,14533,29.8,12809,88.1,12835,12664,171,10890,22.2,9416,86.5,9047,8957,90,10563,21.4,9486,89.8,9562,9380,182,8795,17.8,7754,88.2,7975,7822,153,7857,16,6891,87.7,6970,6810,160,9587,19,7763,81,7790,7772,18,8842,17,7091,80.2,7094,7081,13,9107,18,7682,84.4,10037,9908,129,11310,22,10080,89.1,12914,12652,262
,보건범죄단속에관한특별조치법,소계,649,1.3,622,95.8,745,494,251,12,0,14,116.7,37,29,8,13,0,12,92.3,18,15,3,619,1.2,599,96.8,793,400,393,626,1,615,98.2,1125,607,518,342,1,333,97.4,402,288,114,378,1,359,95,413,365,48,340,1,314,92.4,554,317,237,448,1,440,98.2,571,368,203
,부동산등기특별조치법,소계,1103,2.3,994,90.1,1487,1119,368,700,1.4,677,96.7,1213,905,308,134,0.3,125,93.3,220,176,44,145,0.3,134,92.4,233,193,40,121,0,107,88.4,180,148,32,111,0,96,86.5,117,106,11,84,0,73,86.9,121,104,17,119,0,98,82.4,194,151,43,105,0,88,83.8,164,113,51
,부동산실권리자명의등기에관한법률,소계,534,1.1,487,91.2,906,732,174,429,0.9,415,96.7,829,665,164,387,0.8,344,88.9,682,494,188,431,0.9,386,89.6,673,486,187,524,1,453,86.5,689,466,223,517,1,444,85.9,591,509,82,524,1,513,97.9,603,531,72,581,1,499,85.9,1107,758,349,602,1,515,85.5,1356,916,440
,부동산중개업법,소계,1457,3,1365,93.7,1960,1642,318,745,1.5,707,94.9,939,787,152,212,0.4,200,94.3,311,250,61,103,0.2,96,93.2,130,111,19,66,0,59,89.4,91,67,24,49,0,49,100,59,53,6,43,0,42,97.7,49,44,5,32,0,31,96.9,35,22,13,29,0,22,75.9,25,16,9
,부정경쟁방지및영업비밀보호에관한법률,소계,550,1.1,489,88.9,732,646,86,577,1.2,539,93.4,716,567,149,492,1,454,92.3,759,666,93,537,1.1,498,92.7,981,848,133,530,1,499,94.2,816,710,106,442,1,403,91.2,539,494,45,506,1,465,91.9,605,588,17,556,1,494,88.8,1097,942,155,549,1,488,88.9,1201,1064,137
,부정수표단속법,소계,19841,40.7,14304,72.1,16772,15152,1620,16171,33,10899,67.4,12666,11629,1037,12843,26.1,9239,71.9,13059,11210,1849,12837,25.9,9394,73.2,13532,11769,1763,13951,28,10892,78.1,15725,13603,2122,8480,17,6173,72.8,7447,6953,494,7265,14,5408,74.4,5553,5333,220,6328,12,4477,70.7,3836,3205,631,5369,10,3894,72.5,3056,2629,427
,사행행위등규제및처벌특례법,소계,1085,2.2,1057,97.4,1198,946,252,2420,4.9,2399,99.1,3563,3105,458,3610,7.3,3516,97.4,4967,4240,727,4879,9.8,4836,99.1,6701,5695,1006,5575,11,5454,97.8,7105,5973,1132,4340,8,4283,98.7,4710,4321,389,3421,7,3368,98.5,3580,3518,62,2340,5,2287,97.7,3539,3114,425,1586,3,1559,98.3,2626,2310,316
,산림법,소계,1259,2.6,1227,97.5,1414,1268,146,998,2,953,95.5,1065,966,99,-,-,-,-,-,-,-,-,-,-,-,-,-,-,-,-,-,-,-,-,-,-,-,-,-,-,-,-,-,-,-,-,-,-,-,-,-,-,-,-,-,-,-,-,-,-,-,-,-
,산림자원의조성및관리에관한법률,소계,-,-,-,-,-,-,-,-,-,-,-,-,-,-,1064,2.2,1059,99.5,1229,1110,119,1030,2.1,1006,97.7,1164,1039,125,1046,2,1019,97.4,1155,1017,138,767,2,747,97.4,863,815,48,917,2,818,89.2,909,863,46,855,2,821,96,999,931,68,708,1,677,95.6,787,737,50
,산업안전보건법,소계,2516,5.2,2498,99.3,2926,2893,33,1714,3.5,1712,99.9,1974,1940,34,1752,3.6,1723,98.3,2054,2023,31,1653,3.3,1642,99.3,1976,1928,48,1688,3,1708,101.2,2103,2025,78,2763,5,2722,98.5,3155,3101,54,2747,5,2447,89.1,2937,2903,34,5686,11,5559,97.8,11185,11011,174,5342,10,5323,99.6,10882,10714,168
,산업재해보상보험법,소계,8,-,5,62.5,6,5,1,6,0,6,100,6,5,1,4,0,3,75,4,4,-,-,-,-,-,-,-,-,6,0,5,83.3,10,8,2,37,0,38,102.7,41,40,1,23,0,19,82.6,28,27,1,27,0,29,107.4,48,37,11,18,0,18,100,54,48,6
,상법,소계,435,0.9,410,94.3,575,531,44,283,0.6,245,86.6,411,379,32,246,0.5,233,94.7,346,304,42,132,0.3,86,65.2,148,128,20,146,0,130,89,207,180,27,171,0,156,91.2,211,192,19,84,0,79,94,98,92,6,100,0,86,86,195,166,29,70,0,56,80,100,88,12
,상표법,소계,3486,7.1,3419,98.1,3803,2638,1165,6562,13.4,6486,98.8,7558,4817,2741,3844,7.8,3784,98.4,4364,3140,1224,5508,11.1,5438,98.7,6576,4108,2468,5281,11,5161,97.7,5817,3586,2231,4372,9,4040,92.4,4624,3555,1069,3467,7,3211,92.6,4067,3693,374,2957,6,2868,97,3810,2573,1237,3410,7,3062,89.8,3781,2378,1403
,석유사업법,소계,2651,5.4,2535,95.6,3044,2788,256,202,0.4,206,102,230,212,18,48,0.1,58,120.8,68,64,4,30,0.1,33,110,42,36,6,26,0,26,100,34,32,2,24,0,24,100,25,23,2,13,0,12,92.3,12,12,-,17,0,17,100,17,17,-,10,0,10,100,16,14,2
,선박안전법,소계,638,1.3,645,101.1,723,712,11,553,1.1,559,101.1,593,574,19,900,1.8,905,100.6,959,943,16,481,1,474,98.5,521,511,10,216,0,222,102.8,267,259,8,299,1,299,100,319,313,6,798,2,797,99.9,830,829,1,468,1,466,99.6,313,303,10,866,2,866,100,255,252,3
,선박직원법,소계,1370,2.8,1347,98.3,1412,1394,18,847,1.7,867,102.4,869,855,14,2328,4.7,2316,99.5,2633,2581,52,1758,3.5,1760,100.1,2382,2351,31,731,1,729,99.7,806,794,12,661,1,662,100.2,679,675,4,2272,4,2268,99.8,2319,2315,4,1596,3,1594,99.9,242,230,12,2158,4,2146,99.4,329,312,17
,선원법,소계,360,0.7,353,98.1,360,337,23,298,0.6,303,101.7,304,288,16,243,0.5,239,98.4,258,237,21,545,1.1,540,99.1,544,535,9,111,0,107,96.4,106,102,4,107,0,106,99.1,107,101,6,282,1,278,98.6,280,277,3,59,0,59,100,55,49,6,90,0,82,91.1,101,96,5
,성매매법,소계,3439,7,3368,97.9,13093,9638,3455,6886,14.1,6833,99.2,26631,21920,4711,7829,15.9,7724,98.7,31203,25120,6083,15873,32,15560,98,46051,38294,7757,24424,49,24532,100.4,65621,53995,11626,9048,18,9026,99.8,17048,14499,2549,5908,12,5783,97.9,8795,7823,972,4700,9,4646,98.9,16824,10306,6518,5127,10,5062,98.7,16448,9304,7144
,소방기본법,소계,83,0.2,70,84.3,78,69,9,16,0,17,106.3,18,18,-,6,0,7,116.7,7,7,-,2,0,1,50,1,1,-,4,0,5,125,7,7,-,3,0,3,100,3,3,-,7,0,6,85.7,6,5,1,18,0,18,100,20,18,2,45,0,45,100,48,42,6
,소음・진동규제법,소계,139,0.3,127,91.4,135,130,5,127,0.3,119,93.7,121,115,6,122,0.2,101,82.8,103,95,8,121,0.2,119,98.3,120,107,13,102,0,100,98,101,96,5,-,-,-,-,-,-,-,-,-,-,-,-,-,-,-,-,-,-,-,-,-,-,-,-,-,-,-,-
,소음・진동관리법,소계,-,-,-,-,-,-,-,-,-,-,-,-,-,-,-,-,-,-,-,-,-,-,-,-,-,-,-,-,-,-,-,-,-,-,-,74,0,70,94.6,73,66,7,34,0,24,70.6,24,22,2,55,0,56,101.8,51,47,4,60,0,46,76.7,50,42,8
,수도법,소계,171,0.4,165,96.5,189,174,15,200,0.4,181,90.5,189,163,26,193,0.4,194,100.5,227,216,11,109,0.2,107,98.2,132,124,8,82,0,83,101.2,96,88,8,60,0,55,91.7,61,58,3,68,0,66,97.1,69,67,2,98,0,95,96.9,133,128,5,110,0,111,100.9,132,119,13
,수산업법,소계,10718,22,10687,99.7,11340,10996,344,10383,21.2,10419,100.3,10486,10373,113,6462,13.1,6414,99.3,6738,6606,132,6115,12.3,6104,99.8,6407,6230,177,5090,10,5072,99.6,5434,5200,234,6597,13,6578,99.7,6710,6679,31,6028,12,6034,100.1,9003,8070,933,5474,11,5476,100,1371,1267,104,6139,12,6109,99.5,1253,1190,63
,수산자원관리법,소계,-,-,-,-,-,-,-,-,-,-,-,-,-,-,-,-,-,-,-,-,-,-,-,-,-,-,-,-,-,-,-,-,-,-,-,985,2,976,99.1,1012,993,19,3146,6,3131,99.5,3278,3209,69,3128,6,3083,98.6,2084,1914,170,4951,10,4926,99.5,2284,2098,186
,수산자원보호령,소계,5135,10.5,5087,99.1,5218,5191,27,2645,5.4,2744,103.7,2994,2910,84,3503,7.1,3484,99.5,3574,3468,106,3389,6.8,3452,101.9,3561,3144,417,1968,4,1942,98.7,2049,1911,138,617,1,624,101.1,690,647,43,7,0,9,128.6,9,9,-,5,0,5,100,3,3,-,1,0,1,100,-,-,-
,수상레저안전법,소계,254,0.5,251,98.8,255,255,-,160,0.3,159,99.4,157,156,1,213,0.4,213,100,216,213,3,1445,2.9,1445,100,1448,1379,69,173,0,170,98.3,170,162,8,233,0,234,100.4,237,234,3,268,1,265,98.9,266,263,3,198,0,197,99.5,204,201,3,425,1,422,99.3,218,211,7
,수질환경보전법,소계,2274,4.7,2334,102.6,2437,2387,50,1326,2.7,1289,97.2,1284,1211,73,1262,2.6,1262,100,1286,1129,157,136,0.3,126,92.6,129,122,7,22,0,25,113.6,28,25,3,8,0,7,87.5,7,7,-,3,0,2,66.7,2,2,-,1,0,1,100,1,1,-,-,-,-,-,-,-,-
,식품위생법,소계,14072,28.8,13703,97.4,14405,9475,4930,13894,28.4,13751,99,14328,10497,3831,10841,22,10749,99.2,11551,5720,5831,10448,21.1,10323,98.8,11538,5405,6133,12212,25,12093,99,15322,6450,8872,10629,21,10518,99,11731,7848,3883,12211,24,11854,97.1,12743,10344,2399,13137,26,13061,99.4,13290,4909,8381,16749,33,16565,98.9,16238,7421,8817
,신용정보의이용및보호에관한법률,소계,227,0.5,210,92.5,384,351,33,104,0.2,96,92.3,256,233,23,97,0.2,98,101,268,234,34,113,0.2,108,95.6,154,131,23,117,0,110,94,177,137,40,50,0,48,96,65,60,5,64,0,54,84.4,60,53,7,53,0,46,86.8,79,61,18,157,0,142,90.4,634,330,304
,실용신안법,소계,377,0.8,319,84.6,408,396,12,287,0.6,243,84.7,257,242,15,209,0.4,182,87.1,220,201,19,221,0.4,187,84.6,237,216,21,338,1,297,87.9,317,298,19,371,1,335,90.3,353,340,13,93,0,79,84.9,82,81,1,132,0,108,81.8,188,157,31,87,0,68,78.2,186,166,20
,아동・청소년의성보호에관한법률,소계,-,-,-,-,-,-,-,-,-,-,-,-,-,-,-,-,-,-,-,-,-,-,-,-,-,-,-,-,-,-,-,-,-,-,-,-,-,-,-,-,-,-,-,-,-,-,-,-,-,5891,12,5481,93,7160,6764,396,7020,14,6569,93.6,8175,7781,394
,액화석유가스의안전관리및사업법,소계,190,0.4,181,95.3,186,175,11,148,0.3,139,93.9,143,133,10,110,0.2,110,100,133,115,18,85,0.2,84,98.8,95,85,10,106,0,102,96.2,111,96,15,59,0,58,98.3,65,57,8,46,0,43,93.5,44,44,-,88,0,85,96.6,116,107,9,118,0,114,96.6,159,143,16
,약사법,소계,2280,4.7,2219,97.3,2551,2129,422,1078,2.2,1045,96.9,1276,1038,238,1551,3.1,1523,98.2,1773,1374,399,2625,5.3,2516,95.8,2855,2300,555,2925,6,2918,99.8,3516,2654,862,1503,3,1488,99,1646,1416,230,2026,4,1956,96.5,2139,1945,194,2417,5,2371,98.1,3641,2474,1167,2307,5,2278,98.7,3601,2393,1208
,여객자동차운수사업법,소계,616,1.3,608,98.7,852,771,81,609,1.2,588,96.6,672,637,35,674,1.4,660,97.9,896,831,65,743,1.5,714,96.1,914,834,80,1700,3,1621,95.4,2044,1918,126,1290,3,1255,97.3,1379,1345,34,1667,3,1548,92.9,1661,1631,30,1991,4,1888,94.8,2200,2071,129,1358,3,1282,94.4,1821,1729,92
,여권법,소계,140,0.3,135,96.4,232,164,68,92,0.2,86,93.5,118,66,52,146,0.3,149,102.1,200,105,95,65,0.1,67,103.1,87,56,31,55,0,51,92.7,91,34,57,45,0,44,97.8,44,37,7,56,0,45,80.4,49,42,7,60,0,53,88.3,83,56,27,54,0,48,88.9,71,53,18
,여신전문금융업법,소계,2746,5.6,2353,85.7,2872,2410,462,2590,5.3,2083,80.4,2424,1996,428,2272,4.6,1897,83.5,2633,1966,667,2238,4.5,1781,79.6,2449,1885,564,2903,6,2380,82,3069,2521,548,2458,5,1591,64.7,1861,1653,208,2794,6,1544,55.3,2463,2388,75,3812,7,1607,42.2,2593,1946,647,4107,8,1732,42.2,2545,1923,622
,오수・분뇨및축산폐수의처리에관한법률,소계,799,1.6,776,97.1,802,752,50,517,1.1,504,97.5,513,483,30,715,1.5,702,98.2,996,964,32,61,0.1,43,70.5,46,46,-,6,0,8,133.3,8,7,1,1,0,2,200,2,2,-,1,0,1,100,1,1,-,1,0,1,100,-,-,-,1,0,-,-,-,-,-
,옥외광고물등관리법,소계,500,1,424,84.8,458,414,44,805,1.6,736,91.4,802,707,95,1124,2.3,1040,92.5,1180,1006,174,1382,2.8,1281,92.7,1456,1239,217,981,2,871,88.8,964,846,118,660,1,551,83.5,580,539,41,914,2,763,83.5,772,761,11,560,1,417,74.5,580,491,89,771,2,624,80.9,883,727,156
,외국환거래법,소계,2772,5.7,2703,97.5,3394,2580,814,2042,4.2,2061,100.9,2123,1665,458,3260,6.6,3196,98,3312,2715,597,3474,7,3319,95.5,3559,2574,985,4649,9,4590,98.7,5772,4073,1699,2066,4,2053,99.4,1461,1069,392,1910,4,1910,100,1041,824,217,1794,4,1765,98.4,2008,1306,702,2012,4,1974,98.1,2074,1210,864
,유사수신행위의규제에관한법률,소계,365,0.7,312,85.5,671,514,157,473,1,422,89.2,849,625,224,523,1.1,464,88.7,1520,916,604,771,1.6,670,86.9,2287,1431,856,1663,3,1499,90.1,5739,3694,2045,450,1,403,89.6,636,524,112,342,1,302,88.3,373,350,23,429,1,381,88.8,1055,664,391,318,1,250,78.6,984,609,375
,유선및도선사업법,소계,1342,2.8,1340,99.9,1344,1343,1,1847,3.8,1849,100.1,1355,1354,1,864,1.8,864,100,875,871,4,358,0.7,374,104.5,380,380,-,1666,3,1451,87.1,1472,1464,8,1479,3,1696,114.7,1699,1697,2,5590,11,5553,99.3,5560,5560,-,230,0,230,100,78,73,5,67,0,67,100,75,72,3
,유해화학물질관리법,소계,174,0.4,164,94.3,191,172,19,668,1.4,659,98.7,765,676,89,1070,2.2,1067,99.7,1209,1060,149,751,1.5,737,98.1,960,816,144,1370,3,1365,99.6,1661,1498,163,893,2,888,99.4,1045,925,120,1229,2,1197,97.4,1297,1214,83,1041,2,1026,98.6,1761,1343,418,836,2,833,99.6,1285,1088,197
,윤락행위등방지법,소계,365,0.7,368,100.8,997,777,220,56,0.1,66,117.9,141,87,54,18,0,20,111.1,30,18,12,2,0,4,200,11,6,5,6,0,4,66.7,5,4,1,2,0,1,50,1,1,-,-,-,-,-,-,-,-,-,-,2,-,5,2,3,1,0,-,-,4,2,2
,음반・비디오물및게임물에관한법률,소계,15791,32.4,15509,98.2,16814,12422,4392,26910,54.9,26356,97.9,32979,27478,5501,2422,4.9,2565,105.9,3434,2989,445,352,0.7,381,108.2,467,403,64,357,1,363,101.7,408,354,54,156,0,152,97.4,157,152,5,199,0,191,96,197,194,3,221,0,219,99.1,257,223,34,78,0,78,100,90,77,13
,의료법,소계,1733,3.6,1679,96.9,2184,1598,586,1656,3.4,1606,97,2149,1482,667,1638,3.3,1605,98,2246,1585,661,1676,3.4,1625,97,2360,1563,797,2591,5,2553,98.5,4274,2076,2198,2013,4,1966,97.7,2646,1916,730,2385,5,2332,97.8,2888,2372,516,2366,5,2278,96.3,4469,2314,2155,2071,4,1981,95.7,3785,2006,1779
,자동차관리법,소계,35457,72.7,22935,64.7,23499,22045,1454,32939,67.2,21498,65.3,21457,20121,1336,31233,63.4,22723,72.8,23643,21411,2232,36862,74.4,29158,79.1,30322,27598,2724,43058,87,36621,85.1,38030,35079,2951,25862,51,21399,82.7,21989,21089,900,22216,44,18345,82.6,18693,18179,514,18154,36,15123,83.3,20233,18082,2151,18887,37,15783,83.6,21832,19430,2402
,자동차손해배상보장법,소계,8764,18,4990,56.9,4974,4549,425,20207,41.2,11047,54.7,10972,10022,950,27517,55.8,16123,58.6,16078,14730,1348,29650,59.9,18602,62.7,18881,17359,1522,40100,81,26706,66.6,29038,26623,2415,37827,74,24046,63.6,24763,22796,1967,32544,64,23175,71.2,24565,22855,1710,29991,59,21844,72.8,33852,29270,4582,32891,64,23389,71.1,37900,32694,5206
,자연공원법,소계,258,0.5,256,99.2,269,244,25,252,0.5,239,94.8,250,220,30,324,0.7,311,96,368,319,49,301,0.6,288,95.7,322,283,39,171,0,167,97.7,202,171,31,149,0,135,90.6,154,151,3,124,0,123,99.2,126,124,2,103,0,103,100,114,100,14,104,0,95,91.3,116,102,14
,저작권법,소계,11182,22.9,8299,74.2,8575,6792,1783,13045,26.6,8995,69,8928,7414,1514,20558,41.7,13807,67.2,14115,11161,2954,79239,159.9,56119,70.8,56790,45751,11039,59586,120,46648,78.3,47732,37465,10267,19445,38,14292,73.5,14682,13473,1209,25902,51,16244,62.7,16495,15680,815,30251,59,17334,57.3,22530,16835,5695,28382,55,15812,55.7,20813,15547,5266
,전기사업법,소계,72,0.1,68,94.4,70,64,6,42,0.1,39,92.9,44,41,3,23,0,23,100,23,22,1,20,0,19,95,22,21,1,19,0,16,84.2,17,16,1,59,0,58,98.3,61,59,2,66,0,62,93.9,62,62,-,66,0,64,97,75,63,12,50,0,47,94,55,44,11
,전기통신기본법,소계,19,-,18,94.7,19,12,7,9,0,10,111.1,9,8,1,5,0,6,120,6,4,2,21,0,21,100,22,21,1,39,0,37,94.9,51,47,4,106,0,97,91.5,115,114,1,7,0,6,85.7,6,6,-,10,0,8,80,11,6,5,5,0,2,40,4,2,2
,전기통신사업법,소계,127,0.3,123,96.9,156,140,16,50,0.1,43,86,51,43,8,152,0.3,151,99.3,162,131,31,35,0.1,35,100,53,42,11,40,0,38,95,54,50,4,44,0,42,95.5,43,39,4,71,0,65,91.5,72,67,5,95,0,75,78.9,172,141,31,60,0,49,81.7,114,102,12
,전염병예방법,소계,111,0.2,110,99.1,114,66,48,57,0.1,58,101.8,55,40,15,46,0.1,44,95.7,48,32,16,67,0.1,64,95.5,67,35,32,57,0,56,98.2,58,31,27,124,0,124,100,124,100,24,40,0,40,100,40,37,3,1,0,1,100,-,-,-,2,0,2,100,2,1,1
,전투경찰대설치법,소계,78,0.2,69,88.5,69,69,-,59,0.1,50,84.7,48,48,-,61,0.1,54,88.5,56,56,-,56,0.1,48,85.7,48,48,-,25,0,22,88,22,22,-,19,0,12,63.2,12,12,-,21,0,17,81,17,17,-,11,0,8,72.7,11,11,-,3,0,1,33.3,4,4,-
,전파법,소계,738,1.5,741,100.4,877,842,35,771,1.6,760,98.6,821,778,43,600,1.2,587,97.8,604,576,28,551,1.1,556,100.9,583,558,25,655,1,659,100.6,685,635,50,593,1,584,98.5,610,556,54,540,1,515,95.4,554,506,48,453,1,451,99.6,658,634,24,451,1,441,97.8,652,632,20
,정보통신망이용촉진등에관한법률,소계,5370,11,4781,89,5570,4729,841,7440,15.2,6747,90.7,7530,6454,1076,10837,22,10186,94,11628,9938,1690,12790,25.8,11989,93.7,13323,11101,2222,12465,25,11246,90.2,13459,11214,2245,17059,33,15381,90.2,15935,14989,946,16393,32,14366,87.6,14569,14299,270,15444,30,12002,77.7,15633,12539,3094,15055,29,11552,76.7,15365,12486,2879
,정치자금법,소계,29,0.1,29,100,128,125,3,130,0.3,123,94.6,209,176,33,23,0,20,87,24,24,-,47,0.1,42,89.4,70,63,7,15,0,13,86.7,28,28,-,367,1,357,97.3,437,366,71,1108,2,1077,97.2,1100,881,219,720,1,687,95.4,347,277,70,28,0,30,107.1,37,34,3
,조세범처벌법,소계,7102,14.6,5426,76.4,6277,5715,562,7493,15.3,6034,80.5,6833,6310,523,5217,10.6,4704,90.2,5770,5090,680,4027,8.1,3489,86.6,4348,3816,532,3604,7,3119,86.5,4083,3644,439,3583,7,3060,85.4,3580,3369,211,3591,7,2901,80.8,3094,3022,72,4219,8,3296,78.1,6502,5766,736,4266,8,3472,81.4,6978,6171,807
,조수보호및수렵에관한법률,소계,380,0.8,387,101.8,520,515,5,9,0,9,100,10,10,-,5,0,6,120,14,14,-,1,0,1,100,1,1,-,-,-,-,-,-,-,-,-,-,-,-,-,-,-,-,-,-,-,-,-,-,-,-,-,-,-,-,-,-,-,-,-,-,-,-
,주민등록법,소계,1407,2.9,1275,90.6,1682,1024,658,1163,2.4,1048,90.1,1152,753,399,1498,3,1348,90,1496,1068,428,1646,3.3,1425,86.6,1701,1331,370,2081,4,1773,85.2,2098,1614,484,2140,4,1814,84.8,1912,1723,189,2573,5,1996,77.6,2040,1952,88,3384,7,2301,68,3059,1911,1148,3613,7,1979,54.8,3181,2009,1172
,주차장법,소계,836,1.7,788,94.3,854,699,155,744,1.5,719,96.6,754,587,167,624,1.3,595,95.4,733,507,226,614,1.2,574,93.5,668,442,226,268,1,264,98.5,314,210,104,259,1,251,96.9,290,234,56,223,0,220,98.7,217,206,11,251,0,225,89.6,316,210,106,250,0,244,97.6,360,207,153
,주택건설촉진법,소계,127,0.3,129,101.6,151,87,64,82,0.2,55,67.1,72,46,26,5,0,6,120,11,7,4,4,0,4,100,30,30,-,-,-,-,-,-,-,-,-,-,-,-,-,-,-,1,0,1,100,1,1,-,-,-,-,-,-,-,-,3,0,3,100,5,5,-
,증권거래법,소계,153,0.3,143,93.5,301,294,7,155,0.3,127,81.9,221,211,10,121,0.2,107,88.4,203,179,24,95,0.2,90,94.7,149,138,11,76,0,67,88.2,101,95,6,43,0,41,95.3,78,76,2,32,0,24,75,41,41,-,33,0,26,78.8,41,39,2,9,0,9,100,8,6,2
,지방세법,소계,513,1.1,421,82.1,423,386,37,422,0.9,259,61.4,252,225,27,369,0.7,271,73.4,273,229,44,138,0.3,104,75.4,105,97,8,18,0,24,133.3,24,22,2,7,0,6,85.7,6,5,1,4,0,2,50,2,2,-,3,0,3,100,2,2,-,3,0,1,33.3,4,3,1
,지하수법,소계,40,0.1,40,100,43,41,2,18,0,18,100,20,17,3,16,0,16,100,17,14,3,11,0,11,100,11,11,-,23,0,23,100,23,23,-,13,0,12,92.3,13,13,-,21,0,21,100,24,24,-,21,0,21,100,23,21,2,22,0,22,100,27,25,2
,직업안정법,소계,1244,2.6,1205,96.9,1827,1421,406,2500,5.1,2495,99.8,2880,2612,268,1314,2.7,1299,98.9,1907,1508,399,962,1.9,950,98.8,1504,1092,412,1550,3,1516,97.8,2760,1912,848,758,1,745,98.3,982,779,203,1090,2,1065,97.7,1207,1089,118,656,1,631,96.2,1329,1092,237,1083,2,1055,97.4,1223,1030,193
,집회및시위에관한법률,소계,748,1.5,720,96.3,1354,1175,179,690,1.4,677,98.1,1497,1325,172,609,1.2,591,97,2015,1537,478,897,1.8,887,98.9,2321,1834,487,708,1,686,96.9,1717,1437,280,413,1,400,96.9,612,561,51,705,1,669,94.9,798,763,35,581,1,538,92.6,1099,895,204,411,1,412,100.2,1059,949,110
,철도법,소계,478,1,443,92.7,447,380,67,16,0,15,93.8,13,12,1,2,0,3,150,3,3,-,5,0,4,80,4,1,3,1,0,1,100,1,1,-,1,0,1,100,1,1,-,-,-,-,-,-,-,-,-,-,-,-,-,-,-,-,-,-,-,-,-,-
,청소년보호법,소계,6905,14.2,6687,96.8,7512,4625,2887,6145,12.5,6065,98.7,6702,4266,2436,8704,17.7,8636,99.2,10052,5187,4865,8496,17.1,8417,99.1,10167,5142,5025,8476,17,8421,99.4,10258,5223,5035,8440,17,8385,99.3,9007,7294,1713,10257,20,10118,98.6,10448,9745,703,9906,19,9816,99.1,12805,6387,6418,10061,20,9972,99.1,12632,6381,6251
,청소년의성보호에관한법률,소계,1874,3.8,1792,95.6,2824,2656,168,1584,3.2,1552,98,2457,2264,193,1752,3.6,1651,94.2,3170,2614,556,1140,2.3,1121,98.3,2568,2061,507,1107,2,1075,97.1,2188,1737,451,429,1,406,94.6,701,632,69,98,0,82,83.7,89,84,5,-,-,-,-,-,-,-,-,-,-,-,-,-,-
,체육시설의설치．이용에관한법률,소계,143,0.3,137,95.8,140,129,11,89,0.2,87,97.8,100,91,9,106,0.2,104,98.1,108,91,17,195,0.4,185,94.9,190,164,26,230,0,225,97.8,243,209,34,200,0,199,99.5,208,196,12,191,0,192,100.5,198,196,2,193,0,186,96.4,218,183,35,151,0,149,98.7,173,151,22
,총포・도검・화약류등단속법,소계,495,1,484,97.8,645,624,21,384,0.8,382,99.5,484,473,11,637,1.3,628,98.6,928,905,23,476,1,467,98.1,760,736,24,975,2,965,99,1208,1148,60,637,1,627,98.4,825,806,19,491,1,478,97.4,491,487,4,285,1,278,97.5,388,371,17,299,1,288,96.3,406,386,20
,축산물가공처리법,소계,1553,3.2,1590,102.4,1676,1249,427,742,1.5,734,98.9,844,687,157,520,1.1,516,99.2,566,389,177,566,1.1,568,100.4,708,515,193,467,1,460,98.5,527,384,143,371,1,372,100.3,401,356,45,133,0,129,97,130,123,7,42,0,41,97.6,39,25,14,42,0,41,97.6,49,36,13
,출입국관리법,소계,1549,3.2,1335,86.2,1597,1349,248,1897,3.9,1698,89.5,1705,1431,274,1758,3.6,1572,89.4,1798,1416,382,2886,5.8,2593,89.8,2918,2196,722,3023,6,2777,91.9,3101,2479,622,2733,5,2587,94.7,2710,2468,242,1706,3,1590,93.2,1696,1566,130,1330,3,1217,91.5,1554,1147,407,1565,3,1422,90.9,1877,1393,484
,컴퓨터프로그램보호법,소계,1415,2.9,1244,87.9,1327,1220,107,1980,4,1591,80.4,1578,1450,128,2402,4.9,1932,80.4,2044,1860,184,3135,6.3,2666,85,2777,2597,180,2096,4,1718,82,1790,1607,183,82,0,37,45.1,44,42,2,4,0,5,125,5,4,1,3,0,2,66.7,4,-,4,2,0,1,50,3,2,1
,통신비밀보호법,소계,135,0.3,136,100.7,230,224,6,123,0.3,118,95.9,160,151,9,86,0.2,83,96.5,124,114,10,92,0.2,84,91.3,131,118,13,76,0,67,88.2,113,97,16,75,0,71,94.7,76,73,3,91,0,78,85.7,85,80,5,99,0,89,89.9,165,122,43,114,0,103,90.4,168,124,44
,특가법（도주차량）,소계,14716,30.2,11233,76.3,11383,11104,279,15260,31.1,11611,76.1,10899,10654,245,14668,29.8,11278,76.9,11559,11055,504,13281,26.8,11071,83.4,11397,10749,648,13717,28,12085,88.1,12444,11581,863,13778,27,12344,89.6,12478,12178,300,14161,28,12491,88.2,12541,12453,88,15382,30,13208,85.9,13684,12210,1474,13093,26,11321,86.5,11844,10590,1254
,특허법,소계,310,0.6,249,80.3,309,297,12,314,0.6,264,84.1,296,278,18,525,1.1,440,83.8,540,510,30,309,0.6,271,87.7,439,402,37,388,1,343,88.4,426,392,34,264,1,219,83,241,229,12,224,0,188,83.9,198,196,2,266,1,225,84.6,386,333,53,229,0,184,80.3,365,328,37
,폐기물관리법,소계,1807,3.7,1761,97.5,1966,1791,175,5296,10.8,5182,97.8,5288,5198,90,2735,5.5,2540,92.9,2746,2672,74,1884,3.8,2010,106.7,2148,2054,94,2468,5,2452,99.4,2964,2899,65,825,2,772,93.6,797,763,34,1110,2,1039,93.6,1121,1092,29,1172,2,1110,94.7,1645,1505,140,2432,5,2365,97.2,1714,1608,106
,풍속영업의규제에관한법률,소계,271,0.6,267,98.5,406,239,167,119,0.2,116,97.5,159,84,75,106,0.2,106,100,160,107,53,86,0.2,86,100,143,78,65,111,0,109,98.2,199,86,113,79,0,77,97.5,99,69,30,109,0,104,95.4,124,104,20,1224,2,1215,99.3,1568,1187,381,819,2,809,98.8,1134,810,324
,하천법,소계,188,0.4,178,94.7,188,174,14,154,0.3,154,100,177,167,10,145,0.3,141,97.2,161,148,13,126,0.3,121,96,133,121,12,148,0,151,102,188,156,32,127,0,127,100,133,129,4,212,0,208,98.1,218,207,11,499,1,495,99.2,289,237,52,158,0,154,97.5,190,154,36
,학교보건법,소계,1098,2.3,1064,96.9,1082,877,205,841,1.7,815,96.9,797,655,142,517,1,512,99,533,396,137,405,0.8,401,99,419,289,130,256,1,248,96.9,257,173,84,190,0,179,94.2,183,145,38,173,0,172,99.4,173,163,10,275,1,271,98.5,302,199,103,952,2,940,98.7,1041,607,434
,항만법,소계,83,0.2,78,94,80,74,6,617,1.3,622,100.8,623,619,4,291,0.6,290,99.7,295,284,11,104,0.2,104,100,107,96,11,46,0,47,102.2,58,49,9,42,0,42,100,44,41,3,45,0,45,100,47,46,1,130,0,130,100,49,45,4,175,0,175,100,70,55,15
,항만운송사업법,소계,339,0.7,339,100,345,345,-,215,0.4,215,100,214,121,93,1343,2.7,1342,99.9,1768,1347,421,1543,3.1,1586,102.8,1849,1590,259,1154,2,1154,100,1186,1185,1,28,0,28,100,31,31,-,118,0,118,100,120,102,18,511,1,511,100,14,13,1,197,0,197,100,44,44,-
,해양오염방지법,소계,982,2,989,100.7,1085,1077,8,2152,4.4,2161,100.4,2221,2210,11,2106,4.3,2099,99.7,2927,2860,67,202,0.4,208,103,225,220,5,5,0,5,100,6,6,-,4,0,4,100,6,5,1,4,0,4,100,4,4,-,1,0,1,100,2,1,1,1,0,1,100,1,1,-
,향토예비군설치법,소계,19215,39.4,15077,78.5,15207,15187,20,18551,37.9,14469,78,13764,13748,16,17040,34.6,14114,82.8,14375,14357,18,14891,30.1,12323,82.8,12567,12559,8,14677,29,12742,86.8,12983,12972,11,11220,22,9064,80.8,9088,9087,1,11731,23,8661,73.8,8663,8655,8,14182,28,10725,75.6,15598,15591,7,15058,29,12601,83.7,17312,17301,11
,화재보험법,소계,876,1.8,22,2.5,24,22,2,1111,2.3,13,1.2,12,12,-,857,1.7,13,1.5,14,14,-,959,1.9,9,0.9,11,11,-,726,1,17,2.3,20,19,1,992,2,6,0.6,6,5,1,1184,2,3,0.3,4,4,-,479,1,3,0.6,3,3,-,180,0,1,0.6,-,-,-
,기타특별법,소계,21441,44,20801,97,25598,22413,3185,25865,52.8,25015,96.7,30163,26174,3989,68054,138,66327,97.5,87071,69499,17572,77310,156.1,74409,96.2,97825,76894,20931,97128,195,94535,97.3,127991,97397,30594,70602,138,68799,97.4,78568,68370,10198,76879,152,74393,96.8,80535,75204,5331,73466,144,71551,97.4,106592,75449,31143,90398,177,87308,96.6,110909,81614,29295
